/*
Navicat MySQL Data Transfer

Source Server         : localhost
Source Server Version : 50514
Source Host           : localhost:3306
Source Database       : springboot-vue-exam

Target Server Type    : MYSQL
Target Server Version : 50514
File Encoding         : 65001

Date: 2022-05-14 15:05:53
*/

SET FOREIGN_KEY_CHECKS=0;

-- ----------------------------
-- Table structure for admin
-- ----------------------------
DROP TABLE IF EXISTS `admin`;
CREATE TABLE `admin` (
  `admin_Id` int(9) NOT NULL AUTO_INCREMENT COMMENT 'ID号',
  `admin_Name` varchar(20) COLLATE utf8_bin DEFAULT NULL COMMENT '姓名',
  `sex` varchar(2) COLLATE utf8_bin DEFAULT NULL COMMENT '性别',
  `tel` varchar(11) COLLATE utf8_bin DEFAULT NULL COMMENT '电话号码',
  `email` varchar(20) COLLATE utf8_bin DEFAULT NULL COMMENT '电子邮箱',
  `pwd` varchar(16) COLLATE utf8_bin DEFAULT NULL COMMENT '密码',
  `card_Id` varchar(18) COLLATE utf8_bin DEFAULT NULL COMMENT '身份证号',
  `role` varchar(1) COLLATE utf8_bin DEFAULT NULL COMMENT '角色(0管理员，1教师，2学生)',
  PRIMARY KEY (`admin_Id`) USING BTREE,
  KEY `sex` (`sex`) USING BTREE
) ENGINE=InnoDB AUTO_INCREMENT=1002 DEFAULT CHARSET=utf8 COLLATE=utf8_bin ROW_FORMAT=DYNAMIC COMMENT='管理员信息表';

-- ----------------------------
-- Records of admin
-- ----------------------------
INSERT INTO `admin` VALUES ('1', '计算机学院管理员', '男', '12345678910', '12345678910@qq.com', '1', '0002', '0');
INSERT INTO `admin` VALUES ('1001', '超级管理员', '男', '12345678910', '12345678910@qq.com', '1', '0001', '0');

-- ----------------------------
-- Table structure for exam_manage
-- ----------------------------
DROP TABLE IF EXISTS `exam_manage`;
CREATE TABLE `exam_manage` (
  `exam_Code` int(9) NOT NULL AUTO_INCREMENT COMMENT '考试编号',
  `description` varchar(50) COLLATE utf8_bin DEFAULT NULL COMMENT '该次考试介绍',
  `source` varchar(20) COLLATE utf8_bin DEFAULT NULL COMMENT '课程名称',
  `teacher_Id` varchar(255) COLLATE utf8_bin DEFAULT NULL,
  `paper_Id` int(10) DEFAULT NULL COMMENT '试卷编号',
  `exam_Date` varchar(255) COLLATE utf8_bin DEFAULT NULL COMMENT '考试日期',
  `total_Time` int(3) DEFAULT NULL COMMENT '持续时长',
  `grade` varchar(10) COLLATE utf8_bin DEFAULT NULL COMMENT '年级',
  `term` varchar(10) COLLATE utf8_bin DEFAULT NULL COMMENT '学期',
  `major` varchar(20) COLLATE utf8_bin DEFAULT NULL COMMENT '专业',
  `institute` varchar(20) COLLATE utf8_bin DEFAULT NULL COMMENT '学院',
  `total_Score` int(4) DEFAULT NULL COMMENT '总分',
  `type` varchar(255) COLLATE utf8_bin DEFAULT NULL COMMENT '考试类型',
  `tips` varchar(255) COLLATE utf8_bin DEFAULT NULL COMMENT '考生须知',
  PRIMARY KEY (`exam_Code`) USING BTREE
) ENGINE=InnoDB AUTO_INCREMENT=20190015 DEFAULT CHARSET=utf8 COLLATE=utf8_bin ROW_FORMAT=DYNAMIC COMMENT='考试管理表';

-- ----------------------------
-- Records of exam_manage
-- ----------------------------
INSERT INTO `exam_manage` VALUES ('20190001', '2021年上期期末考试', '计算机网络', '20081001', '1001', '2022-04-16', '120', '2018', '1', '计算机科学与技术', '计算机学院', '100', '期末考试', '快乐千万条，学习第一条，平时不努力，考试两行泪。');
INSERT INTO `exam_manage` VALUES ('20190002', '2021年上期期末考试', '数据库理论', '20081002', '1002', '2022-03-30', '90', '2018', '2', '软件工程', '计算机学院', '100', '期末考试', '快乐千万条，学习第一条，平时不努力，考试两行泪。');
INSERT INTO `exam_manage` VALUES ('20190003', '2021年下期期末考试', '数据结构', '20081006', '1003', '2022-04-25', '90', '2017', '1', '软件工程', '计算机学院', '100', '期末考试', '快乐千万条，学习第一条，平时不努力，考试两行泪。');
INSERT INTO `exam_manage` VALUES ('20190005', '2021年上期期末考试', '计算机导论', '20081007', '1004', '2022-05-05', '90', '2018', '1', '计算机科学与技术', '计算机学院', '100', '期末考试', '快乐千万条，学习第一条，平时不努力，考试两行泪。');
INSERT INTO `exam_manage` VALUES ('20190006', '2021年上期期末考试', '软件工程', '20081010', '1005', '2022-03-30', '120', '2018', '1', '计算机科学与技术', '计算机学院', '100', '期末考试', '快乐千万条，学习第一条，平时不努力，考试两行泪。');
INSERT INTO `exam_manage` VALUES ('20190007', '2021年上期期末考试', '操作系统', '20081007', '1006', '2022-03-30', '120', '2018', '2', '计算机科学与技术', '计算机学院', '100', '期末考试', '快乐千万条，学习第一条，平时不努力，考试两行泪。');
INSERT INTO `exam_manage` VALUES ('20190008', '2021年下期期末考试', 'C语言', '20081006', '1007', '2022-03-30', '120', '2018', '1', '软件工程', '计算机学院', '100', '期末考试', '快乐千万条，学习第一条，平时不努力，考试两行泪。');
INSERT INTO `exam_manage` VALUES ('20190009', '2021年上期期末考试', '高等数学', '20081009', '1008', '2022-03-30', '90', '2018', '1', '软件工程', '计算机学院', '100', '期末考试', '快乐千万条，学习第一条，平时不努力，考试两行泪。');
INSERT INTO `exam_manage` VALUES ('20190014', '2021年上期期中考试', '大英4', '20081008', '1010', '2022-04-13T16:00:00.000Z', '120', '2019', '1', '英语', '外国语学院', '100', '期中考试', '无');

-- ----------------------------
-- Table structure for fill_question
-- ----------------------------
DROP TABLE IF EXISTS `fill_question`;
CREATE TABLE `fill_question` (
  `question_Id` int(9) NOT NULL AUTO_INCREMENT COMMENT '试题编号',
  `subject` varchar(20) COLLATE utf8_bin DEFAULT NULL COMMENT '考试科目',
  `type` varchar(255) COLLATE utf8_bin DEFAULT NULL,
  `question` varchar(255) COLLATE utf8_bin DEFAULT NULL COMMENT '试题内容',
  `answer` varchar(255) COLLATE utf8_bin DEFAULT NULL COMMENT '正确答案',
  `analysis` varchar(255) COLLATE utf8_bin DEFAULT NULL COMMENT '题目解析',
  `score` int(2) DEFAULT '2' COMMENT '分数',
  `level` varchar(5) COLLATE utf8_bin DEFAULT NULL COMMENT '难度等级',
  `section` varchar(20) COLLATE utf8_bin DEFAULT NULL COMMENT '所属章节',
  PRIMARY KEY (`question_Id`) USING BTREE
) ENGINE=InnoDB AUTO_INCREMENT=10029 DEFAULT CHARSET=utf8 COLLATE=utf8_bin ROW_FORMAT=DYNAMIC COMMENT='填空题题库';

-- ----------------------------
-- Records of fill_question
-- ----------------------------
INSERT INTO `fill_question` VALUES ('10000', '计算机网络', '填空题', '从计算机网络系统组成的角度看，计算机网络可以分为()和()', '通信子网资源子网', null, '2', '3', null);
INSERT INTO `fill_question` VALUES ('10001', '计算机网络', '填空题', '收发电子邮件，属于ISO/OSI RM中 ()层的功能。', '应用', null, '2', '1', null);
INSERT INTO `fill_question` VALUES ('10002', '计算机网络', '填空题', '在TCP/IP层次模型中与OSI参考模型第四层相对应的主要协议有()和(),其中后者提供无连接的不可靠传输服', 'TCP（传输控制协议） UDP（用户数据报协议） ', null, '2', '2', null);
INSERT INTO `fill_question` VALUES ('10003', '计算机网络', '填空题', '计算机网络中常用的三种有线媒体是 (),()和 ()', '同轴电缆.双绞线 光纤', null, '2', '1', null);
INSERT INTO `fill_question` VALUES ('10004', '计算机网络', '填空题', '国内最早的四大网络包括原邮电部的ChinaNet. 原电子部的ChinaGBN. 教育部的()和中科院的CSTnet', 'CERnet (或中国教育科研网)', null, '2', '4', null);
INSERT INTO `fill_question` VALUES ('10005', '计算机网络', '填空题', '复盖一个国家，地区或几个洲的计算机网络称为()，在同一建筑或复盖几公里内范围的网络称为()，而介于两者之间的是()', ' 广域网       局域网     城域网', null, '2', '1', null);
INSERT INTO `fill_question` VALUES ('10006', '计算机网络', '填空题', 'Outlook等常用电子邮件软件接收邮件使用的协议是(),发送邮件时使用的协议是()', 'POP3    SMTP    ', null, '2', '1', null);
INSERT INTO `fill_question` VALUES ('10007', '计算机网络', '填空题', '通信系统中，称调制前的电信号为()信号，调制后的信号为调制信号', '基带', null, '2', '1', null);
INSERT INTO `fill_question` VALUES ('10008', '计算机网络', '填空题', '按照IPV4标准,IP地址205.3.127.13属于()类地址', 'C', null, '2', '1', null);
INSERT INTO `fill_question` VALUES ('10009', '计算机网络', '填空题', '计算机网络采用()技术，而传统电话网络则采用()技术', '分组交换电路交换', null, '2', '1', null);
INSERT INTO `fill_question` VALUES ('10010', '计算机网络', '填空题', '计算机内传输的信号是()，而公用电话系统的传输系统只能传输()', '数字信号模拟信号', null, '2', '1', null);
INSERT INTO `fill_question` VALUES ('10011', '计算机网络', '填空题', '通信系统中，称调制前的电信号为()，调制后的信号叫()。', '基带信号调制信号', null, '2', '1', null);
INSERT INTO `fill_question` VALUES ('10012', '计算机网络', '填空题', 'IP地址分()和()两个部分', '网络号主机号', null, '2', '1', null);
INSERT INTO `fill_question` VALUES ('10013', '计算机网络', '填空题', ' IP地址协议作网间网中()层协议，提供无连接的数据报传输机制，IP数据报也分为()和()两个部分', '网络报头数据区', null, '2', '2', null);
INSERT INTO `fill_question` VALUES ('10014', '计算机网络', '填空题', '()是一个简单的远程终端协议。', 'TELNET', null, '2', '1', null);
INSERT INTO `fill_question` VALUES ('10015', '计算机网络', '填空题', '在同一个系统内，相邻层之间交换信息的连接点称之为()，而低层模块向高层提供功能性的支持称之为()。', '接口服务', null, '2', '1', null);
INSERT INTO `fill_question` VALUES ('10016', '计算机网络', '填空题', 'Internet广泛使用的电子邮件传送协议是()', 'SMTP', null, '2', '1', null);
INSERT INTO `fill_question` VALUES ('10017', '计算机网络', '填空题', '按交换方式来分类，计算机网络可以分为电路交换网，  报文交换网  和()三种', '分组交换网', null, '2', '3', null);
INSERT INTO `fill_question` VALUES ('10018', '计算机网络', '填空题', 'Intranet分层结构包括网络、(),应用三个层次。', '服务', null, '2', '1', null);
INSERT INTO `fill_question` VALUES ('10019', '计算机网络', '填空题', 'WWW上的每一个网页都有一个独立的地址，这些地址称为  ()', '统一资源定位器/URL ', null, '2', '2', null);
INSERT INTO `fill_question` VALUES ('10020', '计算机网络', '填空题', '分组交换网中，附加信息用来在网络中进行路由选择、() 和流量控制', '差错纠正  ', null, '2', '4', null);
INSERT INTO `fill_question` VALUES ('10021', '计算机网络', '填空题', '根据IEEE802模型的标准将数据链路层划分为LLC子层和 ()子层。', ' MAC ', null, '2', '3', null);
INSERT INTO `fill_question` VALUES ('10022', '计算机网络', '填空题', '据交换的路由信息的不同，路由算法可以分为两大类：  ()  和链路状态算法', '距离向量算法', null, '2', '3', null);
INSERT INTO `fill_question` VALUES ('10023', '计算机网络', '填空题', '假定某信道受奈氏准则限制的最高码元速率为2000码元/秒。如果采用振幅调制，把码元的振幅划分为16个不同等级来传送，那么可以获得的数据率为 () b/s。', '80000 ', null, '2', '5', null);
INSERT INTO `fill_question` VALUES ('10024', '计算机网络', '填空题', '交换型以太网系统中的 ()  ，以其为核心联接站点或者网段，端口之间帧的输入和输出已不再受到CSMA/CD媒体访问控制协议的约束。', '以太网交换器 ', null, '2', '5', null);
INSERT INTO `fill_question` VALUES ('10025', '计算机网络', '填空题', '局域网络参考模型是以 ()标准为基础的', 'IEEE802', null, '2', '5', null);
INSERT INTO `fill_question` VALUES ('10026', '计算机网络', '填空题', '路由器的核心是 () 。', ' 路由表', null, '2', '3', null);
INSERT INTO `fill_question` VALUES ('10027', '计算机网络', '填空题', '若 HDLC 帧数据段中出现比特串“ 01011111110 ”，则比特填充后的输出为()', '10111110110', null, '2', '5', null);
INSERT INTO `fill_question` VALUES ('10028', '计算机网络', '填空题', '数字调制的三种基本形式：移幅键控法ASK、 ()、移相键控法PSK', '移频键控法FSK', null, '2', '5', null);

-- ----------------------------
-- Table structure for judge_question
-- ----------------------------
DROP TABLE IF EXISTS `judge_question`;
CREATE TABLE `judge_question` (
  `question_Id` int(9) NOT NULL AUTO_INCREMENT COMMENT '试题编号',
  `subject` varchar(20) COLLATE utf8_bin DEFAULT NULL COMMENT '考试科目',
  `type` varchar(255) COLLATE utf8_bin DEFAULT NULL,
  `question` varchar(255) COLLATE utf8_bin DEFAULT NULL COMMENT '试题内容',
  `answer` varchar(255) COLLATE utf8_bin DEFAULT NULL COMMENT '正确答案',
  `analysis` varchar(255) COLLATE utf8_bin DEFAULT NULL COMMENT '题目解析',
  `score` int(2) DEFAULT '2' COMMENT '分数',
  `level` varchar(1) COLLATE utf8_bin DEFAULT NULL COMMENT '难度等级',
  `section` varchar(20) COLLATE utf8_bin DEFAULT NULL COMMENT '所属章节',
  PRIMARY KEY (`question_Id`) USING BTREE
) ENGINE=InnoDB AUTO_INCREMENT=2101452803 DEFAULT CHARSET=utf8 COLLATE=utf8_bin ROW_FORMAT=DYNAMIC COMMENT='判断题题库表';

-- ----------------------------
-- Records of judge_question
-- ----------------------------
INSERT INTO `judge_question` VALUES ('10001', '计算机网络', '判断题', '与有线网相比,无线网的数据传输率一般相对较慢', 'T', null, '2', '1', '');
INSERT INTO `judge_question` VALUES ('10002', '计算机网络', '判断题', 'OSI参考模型中,不同节点的同等层具有不同的功能', 'F', null, '2', '1', null);
INSERT INTO `judge_question` VALUES ('10003', '计算机网络', '判断题', '普通电脑不能作为服务器', 'F', null, '2', '1', null);
INSERT INTO `judge_question` VALUES ('10004', '计算机网络', '判断题', '没有网线的电脑不能连入互联网', 'F', null, '2', '1', null);
INSERT INTO `judge_question` VALUES ('10005', '计算机网络', '判断题', '网卡必须安装驱动程序', 'T', null, '2', '2', null);
INSERT INTO `judge_question` VALUES ('10006', '计算机网络', '判断题', 'UTP为屏蔽双绞线', 'F', null, '2', '2', null);
INSERT INTO `judge_question` VALUES ('10007', '计算机网络', '判断题', '网络接口卡又称为网卡,它是构成网络的基本部件', 'T', null, '2', '2', null);
INSERT INTO `judge_question` VALUES ('10008', '计算机网络', '判断题', '无线AP可以成倍地扩展网络覆盖范围', 'T', null, '2', '3', null);
INSERT INTO `judge_question` VALUES ('10009', '计算机网络', '判断题', 'SMTP是一组用于由源地址到目的地址传送邮件的协议', 'T', null, '2', '4', null);
INSERT INTO `judge_question` VALUES ('10010', '计算机网络', '判断题', '任务管理器可以关闭所有的进程', 'F', null, '2', '3', null);
INSERT INTO `judge_question` VALUES ('10011', '计算机网络', '判断题', '利用BT下载时,用户越多,下载速度越快', 'T', null, '2', '2', null);
INSERT INTO `judge_question` VALUES ('10012', '计算机网络', '判断题', 'INTERNET上向朋友发送电子邮件,必须知道对方的真实姓名和家庭住址', 'F', null, '2', '1', null);
INSERT INTO `judge_question` VALUES ('2101452802', null, null, '212', 'F', '', '2', '3', '');

-- ----------------------------
-- Table structure for multi_question
-- ----------------------------
DROP TABLE IF EXISTS `multi_question`;
CREATE TABLE `multi_question` (
  `question_Id` int(9) NOT NULL AUTO_INCREMENT COMMENT '试题编号',
  `subject` varchar(20) COLLATE utf8_bin DEFAULT NULL COMMENT '考试科目',
  `type` varchar(255) COLLATE utf8_bin DEFAULT NULL,
  `question` varchar(255) COLLATE utf8_bin DEFAULT NULL COMMENT '问题题目',
  `answer_A` varchar(255) COLLATE utf8_bin DEFAULT NULL COMMENT '选项A',
  `answer_B` varchar(255) COLLATE utf8_bin DEFAULT NULL COMMENT '选项B',
  `answer_C` varchar(255) COLLATE utf8_bin DEFAULT NULL COMMENT '选项C',
  `answer_D` varchar(255) COLLATE utf8_bin DEFAULT NULL COMMENT '选项D',
  `right_Answer` varchar(10) COLLATE utf8_bin DEFAULT NULL COMMENT '正确答案',
  `analysis` varchar(255) COLLATE utf8_bin DEFAULT NULL COMMENT '题目解析',
  `score` int(2) DEFAULT '2' COMMENT '分数',
  `section` varchar(20) COLLATE utf8_bin DEFAULT NULL COMMENT '所属章节',
  `level` varchar(1) COLLATE utf8_bin DEFAULT NULL COMMENT '难度等级',
  PRIMARY KEY (`question_Id`) USING BTREE
) ENGINE=InnoDB AUTO_INCREMENT=10033 DEFAULT CHARSET=utf8 COLLATE=utf8_bin ROW_FORMAT=DYNAMIC COMMENT='选择题题库表';

-- ----------------------------
-- Records of multi_question
-- ----------------------------
INSERT INTO `multi_question` VALUES ('10000', '计算机网络', '选择题', 'DNS 服务器和DHCP服务器的作用是（）', '将IP地址翻译为计算机名，为客户机分配IP地址', '将IP地址翻译为计算机名、解析计算机的MAC地址', '将计算机名翻译为IP地址、为客户机分配IP地址', '将计算机名翻译为IP地址、解析计算机的MAC地址', 'C', null, '2', '应用层', '2');
INSERT INTO `multi_question` VALUES ('10001', '计算机网络', '选择题', 'HTTP协议通常使用什么协议进行传输（）', 'ARP', 'DHCP', 'UDP', 'TCP', 'D', null, '2', '应用层', '2');
INSERT INTO `multi_question` VALUES ('10003', '计算机网络', '选择题', '查看DNS缓存记录的命令（）', 'ipconfig/displaydns', 'nslookup', 'ipconfig/release', 'ipconfig/flushdns', 'A', null, '2', '应用层', '3');
INSERT INTO `multi_question` VALUES ('10004', '计算机网络', '选择题', 'DHCP(        )报文的目的IP地址为255.255.255.255', 'DhcpDisover', 'DhcpOffer', 'DhcpAck', 'DhcpNack', 'A', null, '2', '应用层', '2');
INSERT INTO `multi_question` VALUES ('10005', '计算机网络', '选择题', '下列地址中，（  ）不是DHCP服务器分配的IP地址', '196.254.109.100', '169.254.12.42', '69.254.48.45', '96.254.54.15', 'B', null, '2', '应用层', '2');
INSERT INTO `multi_question` VALUES ('10006', '计算机网络', '选择题', 'DHCP通常可以为客户端自动配置哪些网络参数（）', 'IP，掩码，网关，DNS', 'IP，掩码，域名，SMTP', '网关，掩码，浏览器，FTP', 'IP，网关，DNS，服务器', 'A', null, '2', '应用层', '2');
INSERT INTO `multi_question` VALUES ('10007', '计算机网络', '选择题', 'DNS服务器在名称解析过程中正确的查询顺序为（）', '本地缓存记录→区域记录→转发域名服务器→根域名服务器', '区域记录→本地缓存记录→转发域名服务器→根域名服务器', '本地缓存记录→区域记录→根域名服务器→转发域名服务器', '区域记录→本地缓存记录→根域名服务器→转发域名服务器', 'A', null, '2', '应用层', '3');
INSERT INTO `multi_question` VALUES ('10008', '计算机网络', '选择题', '在TCP/IP协议中，序号小于（  ）的端口称为熟知端口(well-known port)。', '1024', '64', '256', '128', 'A', null, '2', '传输层', '1');
INSERT INTO `multi_question` VALUES ('10009', '计算机网络', '选择题', '在Internet上用TCP/IP播放视频，想用传输层的最快协议，以减少时延，要使用（ ）', 'UDP协议的低开销特性', 'UDP协议的高开销特性', 'TCP协议的低开销特性', 'TCP协议的高开销特性', 'A', null, '2', '传输层', '2');
INSERT INTO `multi_question` VALUES ('10010', '计算机网络', '选择题', '在TCP协议中采用（ ）来区分不同的应用进程', '端口号', 'IP地址', '协议类型', 'MAC地址', 'A', null, '2', '传输层', '3');
INSERT INTO `multi_question` VALUES ('10011', '计算机网络', '选择题', '可靠的传输协议中的“可靠”指的是（ ）', '使用面向连接的会话', '使用“尽力而为”的传输', '使用滑动窗口来维持可靠性', '使用确认重传机制来确保传输的数据不丢失', 'D', null, '2', '传输层', '2');
INSERT INTO `multi_question` VALUES ('10012', '计算机网络', '选择题', '假设拥塞窗口为50KB，接收窗口为80KB，TCP能够发送的最大字节数为（ ）', '50KB', '80KB', '130KB', '30KB', 'A', null, '2', '传输层', '4');
INSERT INTO `multi_question` VALUES ('10013', '计算机网络', '选择题', '主机A向主机B发送一个（SYN=1，seq=2000）的TCP报文，期望与主机B建立连接，若主机B接受连接请求，则主机B发送的正确有TCP报文可能是（ ）', '（SYN=0,ACK=0,seq=2001,ack=2001）', '（SYN=1,ACK=1,seq=2000,ack=2000）', '•	C.（SYN=1,ACK=1,seq=2001,ack=2001）', '（SYN=0,ACK=1,seq=2000,ack=2000）', 'C', null, '2', '传输层', '2');
INSERT INTO `multi_question` VALUES ('10014', '计算机网络', '选择题', '主机A向主机B连续发送了两个TCP报文段，其序号分别为70和100。试问： （1）第一个报文段携带了（）个字节的数据？', ' 70', '30', '100', '170', 'B', null, '2', '传输层', '3');
INSERT INTO `multi_question` VALUES ('10015', '计算机网络', '选择题', 'PCM脉码调制的过程（ ）', '采样、量化、编码', '量化、编码、采样', '编码、量化、采样', '采样、编码、量化', 'A', null, '2', '物理层', '4');
INSERT INTO `multi_question` VALUES ('10016', '计算机网络', '选择题', '若某采用4相位调制的通信链路的数据传输速率为2400bps，则该链路的波特率为（）', '600Baud', '1200Baud', '4800Baud', '9600Baud', 'B', null, '2', '物理层', '1');
INSERT INTO `multi_question` VALUES ('10017', '计算机网络', '选择题', '以下关于数据传输速率的描述中，错误的是( )', '数据传输速率表示每秒钟传输构成数据代码的二进制比特数', '对于二进制数据，数据传输速率为S=1/T (bps)', '常用的数据传输速率单位有: 1Mbps=1.024×106bps', '数据传输速率是描述数据传输系统性能的重要技术指标之一', 'C', null, '2', '物理层', '2');
INSERT INTO `multi_question` VALUES ('10018', '计算机网络', '选择题', '以下关于时分多路复用概念的描述中，错误的是.(  ).', '时分多路复用将线路使用的时间分成多个时间片', '时分多路复用分为同步时分多路复用与统计时分多路复用', '时分多路复用使用“帧”与数据链路层“帧”的概念、作用是不同的', '统计时分多路复用将时间片预先分配给各个信道', 'D', null, '2', '物理层', '2');
INSERT INTO `multi_question` VALUES ('10019', '计算机网络', '选择题', '1000BASE-T标准支持的传输介质是（）', '双绞线', '同轴电缆', '光纤', '无线电', 'A', null, '2', '物理层', '1');
INSERT INTO `multi_question` VALUES ('10020', '计算机网络', '选择题', '一个以太网交换机，读取整个数据帧，对数据帧进行差错校验后再转发出去，这种交换方式称为 （）', '直通交换', '无碎片交换', '无差错交换', '存储转发交换', 'D', null, '2', '数据链路层', '2');
INSERT INTO `multi_question` VALUES ('10021', '计算机网络', '选择题', '关于VLAN，下面的描述中正确的是（）', '一个新的交换机没有配置VLAN', '通过配置VLAN减少了冲突域的数量', '一个VLAN不能跨越多个交换机', '各个VLAN属于不同的广播域', 'D', null, '2', '数据链路层', '2');
INSERT INTO `multi_question` VALUES ('10022', '计算机网络', '选择题', '以太网协议中使用物理地址作用是什么？', '.用于不同子网中的主机进行通信', '作为第二层设备的唯一标识', '用于区别第二层第三层的协议数据单元', '保存主机可检测未知的远程设备', 'B', null, '2', '数据链路层', '2');
INSERT INTO `multi_question` VALUES ('10023', '计算机网络', '选择题', '以太网采用的CSMA/CD协议，当冲突发生时要通过二进制指数后退算法计算后退延时， 关于这个算法，以下论述中错误的是 （）', '冲突次数越多，后退的时间越短', '平均后退次数的多少与负载大小有关', '后退时延的平均值与负载大小有关', '重发次数达到一定极限后放弃发送', 'A', null, '2', '数据链路层', '3');
INSERT INTO `multi_question` VALUES ('10024', '计算机网络', '选择题', '以下关于交换机获取与其端口连接设备的MAC地址的叙述中，正确的是（）', '交换机从路由表中提取设备的MAC地址', '交换机检查端口流入分组的源地址', '交换机之间互相交换地址表', '网络管理员手工输入设备的MAC地址', 'B', null, '2', '数据链路层', '2');
INSERT INTO `multi_question` VALUES ('10025', '计算机网络', '选择题', '如果G (x）为11010010，以下4个CRC校验比特序列中只有哪个可能是正确的 ？', '1101011001', '101011011', '11011011', '1011001', 'B', null, '2', '数据链路层', '1');
INSERT INTO `multi_question` VALUES ('10026', '计算机网络', '选择题', '以下关于Ethernet物理地址的描述中，错误的是', 'Ethernet物理地址又叫做MAC地址', '48位的Ethernet物理地址允许分配的地址数达到247个', '网卡的物理地址写入主机的EPROM中', '每一块网卡的物理地址在全世界是唯一的', 'C', null, '2', '数据链路层', '3');
INSERT INTO `multi_question` VALUES ('10027', '计算机网络', '选择题', '下列帧类型中，不属于HDLC帧类型的是（）', '信息帧', '确认帧', '监控帧', '无编号帧', 'B', null, '2', '数据链路层', '1');
INSERT INTO `multi_question` VALUES ('10028', '计算机网络', '选择题', '通过交换机连接的一组站点，关于它们的广播域和冲突域说法正确的是（）', '组成一个冲突域，但不是一个广播域', '组成一个广播域，但不是一个冲突域', '组成一个冲突域，也是一个广播域', '既不一个冲突域，也不是一个广播域', 'B', null, '2', '数据链路层', '3');
INSERT INTO `multi_question` VALUES ('10029', '计算机网络', '选择题', '数据链路层的数据单位是（）', '帧', '字节', '比特', '分组', 'A', null, '2', '数据链路层', '1');
INSERT INTO `multi_question` VALUES ('10030', '计算机网络', '选择题', 'LAN参考模型可分为物理层、（ ）', 'MAC，LLC等三层', 'LLC，MHS等三层', 'MAC，FTAM等三层', 'LLC，VT等三层', 'A', null, '2', '数据链路层', '3');
INSERT INTO `multi_question` VALUES ('10031', '测试', '', '测试', 'A', 'B', 'C', 'D', 'B', '解析', '2', '测试', '4');
INSERT INTO `multi_question` VALUES ('10032', '计算机网络', '选择题', 'DNS 服务器和DHCP服务器的作用是（）', 'A', 'B', 'C', 'D', 'B', '哦解析', '2', '网络层', '2');

-- ----------------------------
-- Table structure for paper_manage
-- ----------------------------
DROP TABLE IF EXISTS `paper_manage`;
CREATE TABLE `paper_manage` (
  `paper_Id` int(9) DEFAULT NULL COMMENT '试卷编号',
  `question_Type` int(1) DEFAULT NULL COMMENT '题目类型',
  `question_Id` int(9) DEFAULT NULL COMMENT '题目编号'
) ENGINE=InnoDB DEFAULT CHARSET=utf8 COLLATE=utf8_bin ROW_FORMAT=DYNAMIC COMMENT='试卷管理表';

-- ----------------------------
-- Records of paper_manage
-- ----------------------------
INSERT INTO `paper_manage` VALUES ('1001', '1', '10000');
INSERT INTO `paper_manage` VALUES ('1001', '1', '10001');
INSERT INTO `paper_manage` VALUES ('1001', '1', '10003');
INSERT INTO `paper_manage` VALUES ('1001', '1', '10004');
INSERT INTO `paper_manage` VALUES ('1001', '1', '10005');
INSERT INTO `paper_manage` VALUES ('1001', '1', '10006');
INSERT INTO `paper_manage` VALUES ('1001', '1', '10007');
INSERT INTO `paper_manage` VALUES ('1001', '1', '10008');
INSERT INTO `paper_manage` VALUES ('1001', '1', '10009');
INSERT INTO `paper_manage` VALUES ('1001', '1', '10010');
INSERT INTO `paper_manage` VALUES ('1001', '1', '10011');
INSERT INTO `paper_manage` VALUES ('1001', '1', '10012');
INSERT INTO `paper_manage` VALUES ('1001', '1', '10013');
INSERT INTO `paper_manage` VALUES ('1001', '1', '10014');
INSERT INTO `paper_manage` VALUES ('1001', '1', '10015');
INSERT INTO `paper_manage` VALUES ('1001', '1', '10016');
INSERT INTO `paper_manage` VALUES ('1001', '1', '10017');
INSERT INTO `paper_manage` VALUES ('1001', '1', '10018');
INSERT INTO `paper_manage` VALUES ('1001', '1', '10019');
INSERT INTO `paper_manage` VALUES ('1001', '1', '10020');
INSERT INTO `paper_manage` VALUES ('1001', '2', '10000');
INSERT INTO `paper_manage` VALUES ('1001', '2', '10001');
INSERT INTO `paper_manage` VALUES ('1001', '2', '10002');
INSERT INTO `paper_manage` VALUES ('1001', '2', '10003');
INSERT INTO `paper_manage` VALUES ('1001', '2', '10004');
INSERT INTO `paper_manage` VALUES ('1001', '2', '10005');
INSERT INTO `paper_manage` VALUES ('1001', '2', '10006');
INSERT INTO `paper_manage` VALUES ('1001', '2', '10007');
INSERT INTO `paper_manage` VALUES ('1001', '2', '10008');
INSERT INTO `paper_manage` VALUES ('1001', '2', '10009');
INSERT INTO `paper_manage` VALUES ('1001', '2', '10010');
INSERT INTO `paper_manage` VALUES ('1001', '2', '10011');
INSERT INTO `paper_manage` VALUES ('1001', '2', '10012');
INSERT INTO `paper_manage` VALUES ('1001', '2', '10013');
INSERT INTO `paper_manage` VALUES ('1001', '2', '10014');
INSERT INTO `paper_manage` VALUES ('1001', '2', '10015');
INSERT INTO `paper_manage` VALUES ('1001', '2', '10016');
INSERT INTO `paper_manage` VALUES ('1001', '2', '10017');
INSERT INTO `paper_manage` VALUES ('1001', '2', '10018');
INSERT INTO `paper_manage` VALUES ('1001', '2', '10019');
INSERT INTO `paper_manage` VALUES ('1001', '3', '10001');
INSERT INTO `paper_manage` VALUES ('1001', '3', '10002');
INSERT INTO `paper_manage` VALUES ('1001', '3', '10003');
INSERT INTO `paper_manage` VALUES ('1001', '3', '10004');
INSERT INTO `paper_manage` VALUES ('1001', '3', '10005');
INSERT INTO `paper_manage` VALUES ('1001', '3', '10006');
INSERT INTO `paper_manage` VALUES ('1001', '3', '10007');
INSERT INTO `paper_manage` VALUES ('1001', '3', '10008');
INSERT INTO `paper_manage` VALUES ('1001', '3', '10009');
INSERT INTO `paper_manage` VALUES ('1001', '3', '10010');

-- ----------------------------
-- Table structure for score
-- ----------------------------
DROP TABLE IF EXISTS `score`;
CREATE TABLE `score` (
  `score_Id` int(9) NOT NULL AUTO_INCREMENT COMMENT '分数编号',
  `exam_Code` int(9) DEFAULT NULL COMMENT '考试编号',
  `student_Id` int(9) DEFAULT NULL COMMENT '学号',
  `student_Name` varchar(20) COLLATE utf8_bin DEFAULT NULL,
  `subject` varchar(20) COLLATE utf8_bin NOT NULL COMMENT '课程名称',
  `pt_Score` int(5) DEFAULT NULL COMMENT '平时成绩',
  `et_Score` int(5) DEFAULT NULL COMMENT '期末成绩',
  `score` int(5) DEFAULT NULL COMMENT '总成绩',
  `answer_Date` varchar(10) COLLATE utf8_bin DEFAULT NULL COMMENT '答题日期',
  PRIMARY KEY (`score_Id`) USING BTREE
) ENGINE=InnoDB AUTO_INCREMENT=50 DEFAULT CHARSET=utf8 COLLATE=utf8_bin ROW_FORMAT=DYNAMIC COMMENT='成绩管理表';

-- ----------------------------
-- Records of score
-- ----------------------------
INSERT INTO `score` VALUES ('4', '20190001', '20154084', '张三', '计算机网络', null, '70', null, '2019-04-03');
INSERT INTO `score` VALUES ('17', '20190001', '20154001', '老王', '计算机网络', null, '74', null, '2019-04-13');
INSERT INTO `score` VALUES ('19', '20190001', '20155003', '余某', '计算机网络', null, '86', null, '2019-04-14');
INSERT INTO `score` VALUES ('20', '20190001', '20155007', '张飞', '计算机网络', null, '90', null, '2019-04-11');
INSERT INTO `score` VALUES ('22', '20190001', '20155008', '菲儿', '计算机网络', null, '80', null, '2019-04-12');
INSERT INTO `score` VALUES ('23', '20190001', '20155003', '余某', '计算机网络', null, '90', null, '2019-04-13');
INSERT INTO `score` VALUES ('47', '20190001', '20154001', '老王', '计算机网络', null, '70', null, '2022-04-11');
INSERT INTO `score` VALUES ('48', '20190001', '20154001', '老王', '计算机网络', null, '49', null, '2022-04-11');
INSERT INTO `score` VALUES ('49', '20190001', '20154001', '老王', '计算机网络', null, '91', null, '2022-04-11');

-- ----------------------------
-- Table structure for student
-- ----------------------------
DROP TABLE IF EXISTS `student`;
CREATE TABLE `student` (
  `student_Id` int(7) NOT NULL AUTO_INCREMENT COMMENT 'ID',
  `student_Name` varchar(20) COLLATE utf8_bin DEFAULT NULL COMMENT '姓名',
  `grade` varchar(4) COLLATE utf8_bin DEFAULT NULL COMMENT '年级',
  `major` varchar(20) COLLATE utf8_bin DEFAULT NULL COMMENT '专业',
  `clazz` varchar(10) COLLATE utf8_bin DEFAULT NULL COMMENT '班级',
  `institute` varchar(30) COLLATE utf8_bin DEFAULT NULL COMMENT '学院',
  `tel` varchar(11) COLLATE utf8_bin DEFAULT NULL COMMENT '电话号码',
  `email` varchar(30) COLLATE utf8_bin DEFAULT NULL COMMENT '电子邮件',
  `pwd` varchar(16) COLLATE utf8_bin DEFAULT NULL COMMENT '密码',
  `card_Id` varchar(18) COLLATE utf8_bin DEFAULT NULL COMMENT '身份证号',
  `sex` varchar(2) COLLATE utf8_bin DEFAULT NULL COMMENT '性别',
  `role` varchar(1) COLLATE utf8_bin DEFAULT '2' COMMENT '角色(0管理员，1教师，2学生)',
  PRIMARY KEY (`student_Id`) USING BTREE
) ENGINE=InnoDB AUTO_INCREMENT=20155021 DEFAULT CHARSET=utf8 COLLATE=utf8_bin ROW_FORMAT=DYNAMIC COMMENT='学生信息表';

-- ----------------------------
-- Records of student
-- ----------------------------
INSERT INTO `student` VALUES ('20154001', '老王', '2021', '计算机科学与技术', '2', '计算机学院', '13585439532', 'gblw@163.com', '1', '3412312', '男', '2');
INSERT INTO `student` VALUES ('20154084', '张三', '2021', '计算机科学与技术', '2', '计算机学院', '13658377857', '13658377857@sina.cn', '1', '124123124535', '男', '2');
INSERT INTO `student` VALUES ('20155003', '余某', '2021', '软件工程', '1', '计算机学院', '15583829425', '15583829425@163.com', '1', '3242342', '男', '2');
INSERT INTO `student` VALUES ('20155007', '张飞', '2021', '软件工程', '1', '计算机学院', '18734538457', '18734538457@163.com', '1', '2423423', '女', '2');
INSERT INTO `student` VALUES ('20155008', '菲儿', '2021', '软件工程', '2', '计算机学院', '15523619564', '15523619564@163.com', '1', '500234199704022353', '男', '2');
INSERT INTO `student` VALUES ('20155019', '张飞儿', '2019', '计算机科学与技术', null, '计算机学院', null, null, '1', null, null, '2');
INSERT INTO `student` VALUES ('20155020', '王66', '2019', '计算机科学与技术', null, '计算机学院', null, null, '11', null, null, '2');

-- ----------------------------
-- Table structure for teacher
-- ----------------------------
DROP TABLE IF EXISTS `teacher`;
CREATE TABLE `teacher` (
  `teacher_Id` int(9) NOT NULL AUTO_INCREMENT COMMENT 'ID',
  `teacher_Name` varchar(20) COLLATE utf8_bin DEFAULT NULL COMMENT '姓名',
  `institute` varchar(20) COLLATE utf8_bin DEFAULT NULL COMMENT '学院',
  `sex` varchar(2) COLLATE utf8_bin DEFAULT NULL COMMENT '性别',
  `tel` varchar(11) COLLATE utf8_bin DEFAULT NULL COMMENT '电话号码',
  `email` varchar(20) COLLATE utf8_bin DEFAULT NULL COMMENT '邮箱',
  `pwd` varchar(16) COLLATE utf8_bin DEFAULT NULL COMMENT '密码',
  `card_Id` varchar(18) COLLATE utf8_bin DEFAULT NULL COMMENT '身份证号',
  `type` varchar(20) COLLATE utf8_bin DEFAULT NULL COMMENT '职称',
  `role` varchar(1) COLLATE utf8_bin DEFAULT NULL COMMENT '角色（0管理员，1教师，2学生）',
  PRIMARY KEY (`teacher_Id`) USING BTREE
) ENGINE=InnoDB AUTO_INCREMENT=20081011 DEFAULT CHARSET=utf8 COLLATE=utf8_bin ROW_FORMAT=DYNAMIC COMMENT='教师信息表';

-- ----------------------------
-- Records of teacher
-- ----------------------------
INSERT INTO `teacher` VALUES ('20081001', '张三', '计算机学院', '男', '13598458442', '13598458442@163.com', '1', '423423283498', '讲师', '1');
INSERT INTO `teacher` VALUES ('20081002', '王五', '计算机学院', '男', '1231221312', '1231221312@163.com', '1', '24241234', '讲师', '1');
INSERT INTO `teacher` VALUES ('20081006', '吴明', '计算机学院', '男', '1231221322', '1231221312@163.com', '1', '2111', '教授', '1');
INSERT INTO `teacher` VALUES ('20081007', '郭八', '计算机学院', '女', '1231231444', '1231221312@163.com', '1', '1111', '副教授', '1');
INSERT INTO `teacher` VALUES ('20081008', '田七', '外国语学院', '女', '2314412344', '1231221312@163.com', '1', '2222', '教授', '1');
INSERT INTO `teacher` VALUES ('20081009', '莫六', '数学系学院', '男', '1234342555', '1231221312@163.com', '1', '2223', '教授', '1');
INSERT INTO `teacher` VALUES ('20081010', '黄一', '计算机学院', '女', '5345767777', '1231221312@163.com', '1', '4325', '讲师', '1');
